idMacket_to_Print,SizeByte,fk_macket_to_order,height,width,fk_macket_format_type,individual_specific,macketDATA,macketVARCHAR
1,40.3,50,1638.6,2572.3,1,"Lorem ipsum dolor sit amet, consectetuer adipiscing elit.",5/1/2002,On insensible possession
2,6.9,49,725.3,3947.2,5,"Aenean commodo ligula eget dolor. Aenean massa. Cum sociis natoque penatibus et magnis dis parturient montes, nascetur ridiculus mus.",3/12/2002,oh particular attachment
3,17.2,32,1274.3,3243.2,4,"Donec quam felis, ultricies nec, pellentesque eu, pretium quis, sem. Nulla consequat massa quis enim. Donec pede justo, fringilla vel, aliquet nec, vulputate eget, arcu.",7/10/2004,The books arose
4,44.6,32,1243.2,2763.1,4,"In enim justo, rhoncus ut, imperdiet a, venenatis vitae, justo.",1/16/2013,but miles happy she
5,37.3,4,1207.6,2336.1,4,Nullam dictum felis eu pede mollis pretium. Integer tincidunt.,2/27/2020,It building contempt
6,20.9,32,1636.5,3660.5,4,"Cras dapibus. Vivamus elementum semper nisi. Aenean vulputate eleifend tellus. Aenean leo ligula, porttitor eu, consequat vitae, eleifend ac, enim. Aliquam lorem ante, dapibus in, viverra quis, feugiat a, tellus.",10/4/2002,Suppose cottage between
7,48.6,14,1129.3,522.5,3,Phasellus viverra nulla ut metus varius laoreet. Quisque rutrum. Aenean imperdiet.,9/11/2010,or interest children 
8,17.5,14,1571.2,1514.1,1,"Etiam ultricies nisi vel augue. Curabitur ullamcorper ultricies nisi. Nam eget dui. Etiam rhoncus. Maecenas tempus, tellus eget condimentum rhoncus, sem quam semper libero, sit amet adipiscing sem neque sed ipsum.",3/18/2012,children  unlocked no
9,21.7,9,493.1,3135.2,3,"Nam quam nunc, blandit vel, luctus pulvinar, hendrerit id, lorem. Maecenas nec odio et ante tincidunt tempus. Donec vitae sapien ut libero venenatis faucibus.",5/6/2000,Minuter him own
10,48.8,14,1254.5,678.8,4, Nullam quis ante. Etiam sit amet orci eget eros faucibus tincidunt. Duis leo. Sed fringilla mauris sit amet nibh.,2/27/2008, Nullam quis ante
11,3.5,3,1129.6,3776.2,5,"Donec sodales sagittis magna. Sed consequat, leo eget bibendum sodales, augue velit cursus nunc, quis gravida magna mi a libero.",12/6/2018,Offending she contained
12,33.2,10,1757.8,1972.1,5,"Fusce vulputate eleifend sapien. Vestibulum purus quam, scelerisque ut, mollis sed, nonummy id, metus. Nullam accumsan lorem in dui.",9/20/2002,Fusce vulputate eleifend sapien
13,4.3,18,1582.4,3369.4,5,Cras ultricies mi eu turpis hendrerit fringilla. Vestibulum ante ipsum primis in faucibus orci luctus et ultrices posuere cubilia Curae;,4/1/2010,Delicate marianne absolute
14,28.9,47,680.4,3218.1,5,"In ac dui quis mi consectetuer lacinia. Nam pretium turpis et arcu. Duis arcu tortor, suscipit eget, imperdiet nec, imperdiet iaculis, ipsum. Sed aliquam ultrices mauris. Integer ante arcu, accumsan a, consectetuer eget, posuere ut, mauris.",1/1/2005,In ac dui quis
15,39.5,36,1775.7,2159.2,3,Praesent adipiscing. Phasellus ullamcorper ipsum rutrum nunc. Nunc nonummy metus. Vestibulum volutpat pretium libero.,1/24/2007,Praesent adipiscing
16,8.4,50,684.9,1937.5,2,Cras id dui. Aenean ut eros et nisl sagittis vestibulum.,3/8/2015,Cras id dui. Aenean ut eros et nisl sagittis vestibulum.
17,30.9,49,1210.1,1083.4,1,"Nullam nulla eros, ultricies sit amet, nonummy id, imperdiet feugiat, pede. Sed lectus.",10/24/2011,Agreement far boy
18,44.2,20,1285.5,1860.5,1,Donec mollis hendrerit risus. Phasellus nec sem in justo pellentesque facilisis.,8/18/2014,otherwise rapturous incommode
19,40.1,39,905.4,2717.6,4,"Etiam imperdiet imperdiet orci. Nunc nec neque. Phasellus leo dolor, tempus non, auctor et, hendrerit quis, nisi.",5/26/2003,He difficult contented
20,5.9,42,1511.5,2094.4,5,"Curabitur ligula sapien, tincidunt non, euismod vitae, posuere imperdiet, leo. Maecenas malesuada.",6/26/2008,we determine ourselves
21,50.9,25,810.4,2846.9,3,Praesent congue erat at massa. Sed cursus turpis vitae tortor. Donec posuere vulputate arcu. Phasellus accumsan cursus velit.,12/21/2003,men dashwood landlord
22,30.9,13,358.1,2272.7,4,"Vestibulum ante ipsum primis in faucibus orci luctus et ultrices posuere cubilia Curae; Sed aliquam, nisi quis porttitor congue",2/9/2017,me am earnestly.
23,7.9,22,1555.9,2276.2,5,"elit erat euismod orci, ac placerat dolor lectus quis orci. Phasellus consectetuer vestibulum elit.",6/25/2009,Hour no find it park.
24,31.4,3,821.1,1861.2,5,"Aenean tellus metus, bibendum sed, posuere ac, mattis non, nunc. Vestibulum fringilla pede sit amet augue.",5/9/2011,Eat welcomed any
25,40.4,23,480.4,768.6,1,"In turpis. Pellentesque posuere. Praesent turpis. Aenean posuere, tortor sed cursus feugiat, nunc augue blandit nunc, eu sollicitudin urna dolor sagittis lacus.",2/13/2005,husbands moderate
26,44.6,45,379.5,1530.4,3,"Donec elit libero, sodales nec, volutpat a, suscipit non, turpis. Nullam sagittis. Suspendisse pulvinar, augue ac venenatis condimentum, sem libero volutpat nibh, nec pellentesque velit pede quis nunc.",2/1/2020,Led was misery played
27,42.6,11,1324.6,2044.5,5,Vestibulum ante ipsum primis in faucibus orci luctus et ultrices posuere cubilia Curae; Fusce id purus. Ut varius tincidunt libero. Phasellus dolor.,8/28/2018,waited almost cousin living
28,31.6,13,655.3,2893.6,1,Maecenas vestibulum mollis diam. Pellentesque ut neque. Pellentesque habitant morbi tristique senectus et netus,9/18/2012,Of intention contained
29,23.9,26,560.5,3931.7,5,"et malesuada fames ac turpis egestas. In dui magna, posuere eget, vestibulum et, tempor auctor, justo. In ac felis quis tortor malesuada pretium. Pellentesque auctor neque nec urna. Proin sapien ipsum, porta a, auctor quis, euismod ut, mi.",8/11/2020,is by middleton am
30,48.2,18,1495.3,1487.2,5,Aenean viverra rhoncus pede. Pellentesque habitant morbi tristique senectus et netus et malesuada fames ac turpis egestas.,2/14/2013,Principles fat stimulated
31,26.3,7,762.5,1994.2,3,Ut non enim eleifend felis pretium feugiat. Vivamus quis mi. Phasellus a est. Phasellus magna,8/8/2005,uncommonly considered
32,35.4,38,1563.9,1398.7,3,In hac habitasse platea dictumst. Curabitur at lacus ac velit ornare lobortis.,9/25/2011,set especially prosperous
33,19.5,2,553.1,2819.3,2,"Curabitur a felis in nunc fringilla tristique. Morbi mattis ullamcorper velit. Phasellus gravida semper nisi. Nullam vel sem. Pellentesque libero tortor, tincidunt et, tincidunt eget, semper nec, quam. Sed hendrerit.",2/20/2002,Sons at park
34,9.3,15,437.9,2589.6,3,"Phasellus gravida semper nisi. Nullam vel sem. Pellentesque libero tortor, tincidunt et, tincidunt eget, semper nec, quam.",3/14/2008,mr meet as fact like. 
35,34.7,23,1462.8,3736.2,4,"Sed hendrerit. Morbi ac felis. Nunc egestas, augue at pellentesque laoreet, felis eros vehicula leo, at malesuada velit leo quis pede.",8/6/2005,Unpacked now declared
36,18.3,4,1695.4,2939.6,2,"Donec interdum, metus et hendrerit aliquet, dolor diam sagittis ligula, eget egestas libero turpis vel mi. Nunc nulla. Fusce risus nisl, viverra et, tempor et, pretium in, sapien. Donec venenatis vulputate lorem.",11/1/2013,put you confined
37,41.8,23,1241.5,2268.2,2,"Morbi nec metus. Phasellus blandit leo ut odio. Maecenas ullamcorper, dui et placerat feugiat, eros pede varius nisi, condimentum viverra felis nunc et lorem. Sed magna purus, fermentum eu, tincidunt eu, varius ut, felis. In auctor lobortis lacus.",3/16/2004,daughter improved
38,6.2,7,1869.4,2467.9,5,"Quisque libero metus, condimentum nec, tempor a, commodo mollis, magna. Vestibulum ullamcorper mauris at ligula.",5/24/2008,Celebrated imprudence
39,46.5,40,1022.5,3795.5,5,"Fusce fermentum. Nullam cursus lacinia erat. Praesent blandit laoreet nibh. Fusce convallis metus id felis luctus adipiscing. Pellentesque egestas, neque sit amet convallis pulvinar, justo nulla eleifend augue, ac auctor orci leo non est. Quisque id mi.",7/3/2016,few interested
40,27.2,4,770.5,1196.2,4,Ut tincidunt tincidunt erat. Etiam feugiat lorem non metus. Vestibulum dapibus nunc ac augue. Curabitur vestibulum aliquam leo.,2/12/2003,especially reasonable
41,37.3,27,501.4,2833.2,2,"Praesent egestas neque eu enim. In hac habitasse platea dictumst. Fusce a quam. Etiam ut purus mattis mauris sodales aliquam. Curabitur nisi. Quisque malesuada placerat nisl. Nam ipsum risus, rutrum vitae, vestibulum eu, molestie vel, lacus.",2/18/2016,Wonder bed elinor
42,41.5,18,1154.8,1491.5,3,"Sed augue ipsum, egestas nec, vestibulum et, malesuada adipiscing, dui. Vestibulum facilisis, purus nec pulvinar iaculis, ligula mi congue nunc, vitae euismod ligula urna in dolor. Mauris sollicitudin fermentum libero.",2/20/2012,It want gave west 
43,50.1,46,1830.5,1806.9,1,"Proin faucibus arcu quis ante. In consectetuer turpis ut velit. Nulla sit amet est. Praesent metus tellus, elementum eu, semper a, adipiscing nec, purus.",2/14/2020,into high no in.
44,43.3,22,1444.4,3204.5,5,"Nulla neque dolor, sagittis eget, iaculis quis, molestie non, velit. Mauris turpis nunc, blandit et, volutpat molestie, porta ut, ligula. Fusce pharetra convallis urna. Quisque ut nisi.",4/24/2019,Bringing so sociable 
45,35.1,16,1859.3,2109.4,2,"Suspendisse non nisl sit amet velit hendrerit rutrum. Ut leo. Ut a nisl id ante tempus hendrerit. Proin pretium, leo ac pellentesque mollis, felis nunc ultrices eros, sed gravida augue augue mollis justo.",7/11/2010,felicity supplied mr
46,14.8,32,1460.9,1226.3,2,"Curabitur suscipit suscipit tellus. Praesent vestibulum dapibus nibh. Etiam iaculis nunc ac metus. Ut id nisl quis enim dignissim sagittis.  Etiam sollicitudin,ipsum eu pulvinar rutrum,tellus ipsum laoreet sapien,quis venenatis ante odio sit amet eros. Proin magna. Duis vel nibh at velit scelerisque suscipit. Curabitur turpis. Vestibulum suscipit nulla quis orci. Fusce ac felis sit amet ligula pharetra condimentum.",3/11/2018,September suspicion
47,40.3,29,1887.5,3263.4,3,"Maecenas egestas arcu quis ligula mattis placerat. Duis lobortis massa imperdiet quam. Suspendisse potenti. Pellentesque commodo eros a enim. Vestibulum turpis sem, aliquet eget, lobortis pellentesque, rutrum eu, nisl. Sed libero.",5/26/2017,far him two acuteness perfectly.
48,8.5,14,772.5,2543.3,4,Aliquam erat volutpat. Etiam vitae tortor. Morbi vestibulum volutpat enim. Aliquam eu nunc.,1/8/2007,Covered as an examine
49,24.8,49,823.6,1561.8,1,"Etiam ut purus mattis mauris sodales aliquam. Curabitur nisi. Quisque malesuada placerat nisl. Nam ipsum risus, rutrum vitae, vestibulum eu, molestie vel, lacus. Sed augue ipsum, egestas nec, vestibulum et, malesuada adipiscing, dui.",6/20/2000,Ye astonished friendship
50,38.3,38,554.1,2585.7,2,"Sed mollis, eros et ultrices tempus, mauris ipsum aliquam libero,",9/19/2004,remarkably no
